{
    "EMBED_DIM": {
        "value_seq": 256,
        "accuracy_seq": 0.8042983519650297,
        "all_accuracies_seq": [
            0.5606632830541265,
            0.6711115952270139,
            0.7665425397970178,
            0.8042983519650297
        ],
        "value_mask": 256,
        "accuracy_mask": 0.4009345272816335,
        "all_accuracies_mask": [
            0.28820695223107534,
            0.3294031064678199,
            0.3783713097621185,
            0.4009345272816335
        ]
    },
    "NUM_HEAD": {
        "value_seq": 8,
        "accuracy_seq": 0.6850653500450583,
        "all_accuracies_seq": [
            0.6655681722898394,
            0.6693216028988047,
            0.6850653500450583
        ],
        "value_mask": 4,
        "accuracy_mask": 0.34590431386695186,
        "all_accuracies_mask": [
            0.32310605238741036,
            0.34590431386695186,
            0.31495364905331535
        ]
    },
    "FF_DIM": {
        "value_seq": 256,
        "accuracy_seq": 0.7099725479173659,
        "all_accuracies_seq": [
            0.6678993642781986,
            0.676798868708766,
            0.6906454582585796,
            0.7099725479173659
        ],
        "value_mask": 256,
        "accuracy_mask": 0.34340156966269025,
        "all_accuracies_mask": [
            0.333623692685018,
            0.3376230521185454,
            0.33289967418155386,
            0.34340156966269025
        ]
    },
    "NUM_LAYERS": {
        "value_seq": 1,
        "accuracy_seq": 0.6720901547256571,
        "all_accuracies_seq": [
            0.6720901547256571,
            0.6272550576683698,
            0.5398298929275888
        ],
        "value_mask": 1,
        "accuracy_mask": 0.3434448351762335,
        "all_accuracies_mask": [
            0.3434448351762335,
            0.3195615828679569,
            0.3199992847875252
        ]
    },
    "LR": {
        "value_seq": 0.01,
        "accuracy_seq": 0.7657641307798824,
        "all_accuracies_seq": [
            0.20218350868311794,
            0.6790591950091343,
            0.7657641307798824
        ],
        "value_mask": 0.01,
        "accuracy_mask": 0.32792427266165924,
        "all_accuracies_mask": [
            0.173206548270474,
            0.323953477905452,
            0.32792427266165924
        ]
    },
    "EPOCH": {
        "value_seq": 10,
        "accuracy_seq": 0.6839890678030622,
        "all_accuracies_seq": [
            0.6839890678030622,
            0.6834490131135265,
            0.6676955146395638
        ],
        "value_mask": 10,
        "accuracy_mask": 0.345576338256132,
        "all_accuracies_mask": [
            0.345576338256132,
            0.33559174843683043,
            0.3181200148282658
        ]
    }
}