{
    "EMBED_DIM": {
        "value_seq": 256,
        "accuracy_seq": 0.6647481138237862,
        "all_accuracies_seq": [
            0.3249158969170147,
            0.43918915352482185,
            0.5600063149277896,
            0.6647481138237862
        ],
        "value_mask": 256,
        "accuracy_mask": 0.30482626914014055,
        "all_accuracies_mask": [
            0.19610152858672572,
            0.21102994290062363,
            0.28215027316253527,
            0.30482626914014055
        ]
    },
    "NUM_HEAD": {
        "value_seq": 2,
        "accuracy_seq": 0.4579340865301817,
        "all_accuracies_seq": [
            0.4579340865301817,
            0.44015660388635663,
            0.4429569952912182
        ],
        "value_mask": 2,
        "accuracy_mask": 0.24962478028626797,
        "all_accuracies_mask": [
            0.24962478028626797,
            0.2369148400637985,
            0.21502527515145725
        ]
    },
    "FF_DIM": {
        "value_seq": 256,
        "accuracy_seq": 0.4752445376307225,
        "all_accuracies_seq": [
            0.4161329596083424,
            0.43715843320963055,
            0.4606853197743188,
            0.4752445376307225
        ],
        "value_mask": 128,
        "accuracy_mask": 0.24899236461836155,
        "all_accuracies_mask": [
            0.21627973564476183,
            0.23460662964622642,
            0.24899236461836155,
            0.24357527744286256
        ]
    },
    "NUM_LAYERS": {
        "value_seq": 1,
        "accuracy_seq": 0.4422142699704411,
        "all_accuracies_seq": [
            0.4422142699704411,
            0.4081836230626469,
            0.35357754969625904
        ],
        "value_mask": 1,
        "accuracy_mask": 0.2509497989520784,
        "all_accuracies_mask": [
            0.2509497989520784,
            0.245565426823122,
            0.24969506660573973
        ]
    },
    "LR": {
        "value_seq": 0.01,
        "accuracy_seq": 0.7581785197325888,
        "all_accuracies_seq": [
            0.183028449517527,
            0.4255782771475564,
            0.7581785197325888
        ],
        "value_mask": 0.01,
        "accuracy_mask": 0.33235054776447104,
        "all_accuracies_mask": [
            0.1658399972439463,
            0.249949969821028,
            0.33235054776447104
        ]
    },
    "EPOCH": {
        "value_seq": 50,
        "accuracy_seq": 0.8209097533564496,
        "all_accuracies_seq": [
            0.4413670868443396,
            0.8209097533564496,
            0.7938877890543847
        ],
        "value_mask": 50,
        "accuracy_mask": 0.3942708694248183,
        "all_accuracies_mask": [
            0.2355544212948148,
            0.3942708694248183,
            0.37637910386604123
        ]
    }
}