{
    "EMBED_DIM": {
        "value_seq": 32,
        "accuracy_seq": 0.7455573731923713,
        "all_accuracies_seq": [
            0.7455573731923713,
            0.6394717130074248,
            0.5203438248735996,
            0.2430413649623821
        ],
        "value_mask": 32,
        "accuracy_mask": 0.3976479506505891,
        "all_accuracies_mask": [
            0.3976479506505891,
            0.2289096306953108,
            0.1691850029808273,
            0.1972080983443664
        ]
    },
    "NUM_HEAD": {
        "value_seq": 8,
        "accuracy_seq": 0.2528471456734229,
        "all_accuracies_seq": [
            0.24885846908587403,
            0.2404241871698002,
            0.2528471456734229
        ],
        "value_mask": 8,
        "accuracy_mask": 0.2514291615133518,
        "all_accuracies_mask": [
            0.19341144908265964,
            0.24392399835844647,
            0.2514291615133518
        ]
    },
    "FF_DIM": {
        "value_seq": 64,
        "accuracy_seq": 0.3886372656111633,
        "all_accuracies_seq": [
            0.3445364419314642,
            0.3886372656111633,
            0.3246819499016716,
            0.3174168665939804
        ],
        "value_mask": 32,
        "accuracy_mask": 0.20901072478630534,
        "all_accuracies_mask": [
            0.20901072478630534,
            0.18556629841921363,
            0.17751972643334687,
            0.17684191961904466
        ]
    },
    "NUM_LAYERS": {
        "value_seq": 1,
        "accuracy_seq": 0.4138084488919464,
        "all_accuracies_seq": [
            0.4138084488919464,
            0.147632056511721,
            0.15551556123880944
        ],
        "value_mask": 1,
        "accuracy_mask": 0.18517958105640847,
        "all_accuracies_mask": [
            0.18517958105640847,
            0.1543096765567837,
            0.1624894404509686
        ]
    },
    "LR": {
        "value_seq": 0.001,
        "accuracy_seq": 0.7410295023677413,
        "all_accuracies_seq": [
            0.6271147099452217,
            0.7410295023677413,
            0.2603236258637552
        ],
        "value_mask": 0.001,
        "accuracy_mask": 0.3732378060452619,
        "all_accuracies_mask": [
            0.3560415216909466,
            0.3732378060452619,
            0.18538396974946042
        ]
    },
    "EPOCH": {
        "value_seq": 100,
        "accuracy_seq": 0.23058814074585374,
        "all_accuracies_seq": [
            0.16146806751966578,
            0.21544433618031125,
            0.23058814074585374
        ],
        "value_mask": 100,
        "accuracy_mask": 0.20175453995851594,
        "all_accuracies_mask": [
            0.1571137931163412,
            0.1944226991069991,
            0.20175453995851594
        ]
    }
}